﻿{"cameraMode":{"drawMode":0,"name":"Shaded","section":"Shading Mode"},"sceneLighting":true,"audioPlay":false,"sceneViewState":{"showFog":true,"showMaterialUpdate":false,"showSkybox":true,"showFlares":true,"showImageEffects":true,"showParticleSystems":true},"in2DMode":false,"pivot":{"x":12.948037147521973,"y":8.207624435424805,"z":8.41854476928711},"rotation":{"x":0.0005939792608842254,"y":-0.14201857149600984,"z":-0.00008459875971311703,"w":-0.9898638129234314},"size":16.040632247924806,"orthographic":false}